"","FILE","MODEL","TOL","pLDDT","pTM","piTM","iScore","iRes","iCnt","NUM_CLUSTERS","N_MONOMERS","FILE_N","RANK","V1","Entry.Name","Gene.Names","Gene.Names..primary.","Gene.Names..synonym.","Organism","Organism..ID.","Protein.names","Proteomes","Taxonomic.lineage"
"1","IRAK4_A2ADA5_x1",4,0.64,77.59,0.3674,0.3077,0.1013,62,74,1,2,"IRAK4_A2ADA5_x1_2",1,"A2ADA5","PUSL1_MOUSE","Pusl1","Pusl1",NA,"Mus musculus (Mouse)",10090,"tRNA pseudouridine synthase-like 1 (EC 5.4.99.-) (tRNA pseudouridylate synthase-like 1) (tRNA-uridine isomerase-like 1)","UP000000589: Chromosome 4","Mus (subgenus), Mus (genus), Murinae (subfamily), Muridae (family), Muroidea (no rank), Myomorpha (suborder), Rodentia (order), Glires (no rank), Euarchontoglires (superorder), Boreoeutheria (no rank), Eutheria (no rank), Theria (no rank), Mammalia (class), Amniota (no rank), Tetrapoda (no rank), Dipnotetrapodomorpha (no rank), Sarcopterygii (superclass), Euteleostomi (no rank), Teleostomi (no rank), Gnathostomata (no rank), Vertebrata (no rank), Craniata (subphylum), Chordata (phylum), Deuterostomia (no rank), Bilateria (no rank), Eumetazoa (no rank), Metazoa (kingdom), Opisthokonta (no rank), Eukaryota (superkingdom), cellular organisms (no rank)"
"2","IRAK4_D3Z7P3_x1",2,5.77,72.57,0.2528,0.2807,0.0643,83,108,1,2,"IRAK4_D3Z7P3_x1_2",1,"D3Z7P3","GLSK_MOUSE","Gls Gls1 Kiaa0838","Gls","Gls1 Kiaa0838","Mus musculus (Mouse)",10090,"Glutaminase kidney isoform, mitochondrial (GLS) (EC 3.5.1.2) [Cleaved into: Glutaminase kidney isoform, mitochondrial 68 kDa chain; Glutaminase kidney isoform, mitochondrial 65 kDa chain]","UP000000589: Chromosome 1","Mus (subgenus), Mus (genus), Murinae (subfamily), Muridae (family), Muroidea (no rank), Myomorpha (suborder), Rodentia (order), Glires (no rank), Euarchontoglires (superorder), Boreoeutheria (no rank), Eutheria (no rank), Theria (no rank), Mammalia (class), Amniota (no rank), Tetrapoda (no rank), Dipnotetrapodomorpha (no rank), Sarcopterygii (superclass), Euteleostomi (no rank), Teleostomi (no rank), Gnathostomata (no rank), Vertebrata (no rank), Craniata (subphylum), Chordata (phylum), Deuterostomia (no rank), Bilateria (no rank), Eumetazoa (no rank), Metazoa (kingdom), Opisthokonta (no rank), Eukaryota (superkingdom), cellular organisms (no rank)"
"3","IRAK4_E9PZM4_x1",1,7.04,55.05,0.3161,0.2398,0.0463,69,68,1,2,"IRAK4_E9PZM4_x1_2",1,"E9PZM4","CHD2_MOUSE","Chd2","Chd2",NA,"Mus musculus (Mouse)",10090,"Chromodomain-helicase-DNA-binding protein 2 (CHD-2) (EC 3.6.4.12) (ATP-dependent helicase CHD2)","UP000000589: Chromosome 7","Mus (subgenus), Mus (genus), Murinae (subfamily), Muridae (family), Muroidea (no rank), Myomorpha (suborder), Rodentia (order), Glires (no rank), Euarchontoglires (superorder), Boreoeutheria (no rank), Eutheria (no rank), Theria (no rank), Mammalia (class), Amniota (no rank), Tetrapoda (no rank), Dipnotetrapodomorpha (no rank), Sarcopterygii (superclass), Euteleostomi (no rank), Teleostomi (no rank), Gnathostomata (no rank), Vertebrata (no rank), Craniata (subphylum), Chordata (phylum), Deuterostomia (no rank), Bilateria (no rank), Eumetazoa (no rank), Metazoa (kingdom), Opisthokonta (no rank), Eukaryota (superkingdom), cellular organisms (no rank)"
"4","IRAK4_E9Q612_x1",1,2.04,68.1,0.2597,0.3756,0.0739,127,176,1,2,"IRAK4_E9Q612_x1_2",1,"E9Q612","PTPRO_MOUSE","Ptpro GLEPP1 Ptpn15 PTPU2","Ptpro","GLEPP1 Ptpn15 PTPU2","Mus musculus (Mouse)",10090,"Receptor-type tyrosine-protein phosphatase O (R-PTP-O) (EC 3.1.3.48) (Glomerular epithelial protein 1) (Protein tyrosine phosphatase U2) (PTP-U2) (PTPase U2)","UP000000589: Chromosome 6","Mus (subgenus), Mus (genus), Murinae (subfamily), Muridae (family), Muroidea (no rank), Myomorpha (suborder), Rodentia (order), Glires (no rank), Euarchontoglires (superorder), Boreoeutheria (no rank), Eutheria (no rank), Theria (no rank), Mammalia (class), Amniota (no rank), Tetrapoda (no rank), Dipnotetrapodomorpha (no rank), Sarcopterygii (superclass), Euteleostomi (no rank), Teleostomi (no rank), Gnathostomata (no rank), Vertebrata (no rank), Craniata (subphylum), Chordata (phylum), Deuterostomia (no rank), Bilateria (no rank), Eumetazoa (no rank), Metazoa (kingdom), Opisthokonta (no rank), Eukaryota (superkingdom), cellular organisms (no rank)"
"5","IRAK4_O08749_x1",1,1.53,82.22,0.254,0.3675,0.0272,58,73,1,2,"IRAK4_O08749_x1_2",1,"O08749","DLDH_MOUSE","Dld","Dld",NA,"Mus musculus (Mouse)",10090,"Dihydrolipoyl dehydrogenase, mitochondrial (EC 1.8.1.4) (Dihydrolipoamide dehydrogenase)","UP000000589: Chromosome 12","Mus (subgenus), Mus (genus), Murinae (subfamily), Muridae (family), Muroidea (no rank), Myomorpha (suborder), Rodentia (order), Glires (no rank), Euarchontoglires (superorder), Boreoeutheria (no rank), Eutheria (no rank), Theria (no rank), Mammalia (class), Amniota (no rank), Tetrapoda (no rank), Dipnotetrapodomorpha (no rank), Sarcopterygii (superclass), Euteleostomi (no rank), Teleostomi (no rank), Gnathostomata (no rank), Vertebrata (no rank), Craniata (subphylum), Chordata (phylum), Deuterostomia (no rank), Bilateria (no rank), Eumetazoa (no rank), Metazoa (kingdom), Opisthokonta (no rank), Eukaryota (superkingdom), cellular organisms (no rank)"
"6","IRAK4_O88892_x1",3,0.54,76.41,0.5171,0.5016,0.2764,57,59,1,2,"IRAK4_O88892_x1_2",1,"O88892","SERF1_MOUSE","Serf1","Serf1",NA,"Mus musculus (Mouse)",10090,"Small EDRK-rich factor 1 (Protein 4F5) (m4F5)","UP000000589: Chromosome 13","Mus (subgenus), Mus (genus), Murinae (subfamily), Muridae (family), Muroidea (no rank), Myomorpha (suborder), Rodentia (order), Glires (no rank), Euarchontoglires (superorder), Boreoeutheria (no rank), Eutheria (no rank), Theria (no rank), Mammalia (class), Amniota (no rank), Tetrapoda (no rank), Dipnotetrapodomorpha (no rank), Sarcopterygii (superclass), Euteleostomi (no rank), Teleostomi (no rank), Gnathostomata (no rank), Vertebrata (no rank), Craniata (subphylum), Chordata (phylum), Deuterostomia (no rank), Bilateria (no rank), Eumetazoa (no rank), Metazoa (kingdom), Opisthokonta (no rank), Eukaryota (superkingdom), cellular organisms (no rank)"
"7","IRAK4_P08003_x1",4,1.82,75.08,0.2649,0.277,0.0524,145,298,1,2,"IRAK4_P08003_x1_2",1,"P08003","PDIA4_MOUSE","Pdia4 Cai Erp72","Pdia4","Cai Erp72","Mus musculus (Mouse)",10090,"Protein disulfide-isomerase A4 (EC 5.3.4.1) (Endoplasmic reticulum resident protein 72) (ER protein 72) (ERp-72) (ERp72)","UP000000589: Unplaced","Mus (subgenus), Mus (genus), Murinae (subfamily), Muridae (family), Muroidea (no rank), Myomorpha (suborder), Rodentia (order), Glires (no rank), Euarchontoglires (superorder), Boreoeutheria (no rank), Eutheria (no rank), Theria (no rank), Mammalia (class), Amniota (no rank), Tetrapoda (no rank), Dipnotetrapodomorpha (no rank), Sarcopterygii (superclass), Euteleostomi (no rank), Teleostomi (no rank), Gnathostomata (no rank), Vertebrata (no rank), Craniata (subphylum), Chordata (phylum), Deuterostomia (no rank), Bilateria (no rank), Eumetazoa (no rank), Metazoa (kingdom), Opisthokonta (no rank), Eukaryota (superkingdom), cellular organisms (no rank)"
"8","IRAK4_P10107_x1",1,1.84,79.39,0.2582,0.376,0.0313,48,61,1,2,"IRAK4_P10107_x1_2",1,"P10107","ANXA1_MOUSE","Anxa1 Anx1 Lpc-1 Lpc1","Anxa1","Anx1 Lpc-1 Lpc1","Mus musculus (Mouse)",10090,"Annexin A1 (Annexin I) (Annexin-1) (Calpactin II) (Calpactin-2) (Chromobindin-9) (Lipocortin I) (Phospholipase A2 inhibitory protein) (p35) [Cleaved into: Annexin Ac2-26]","UP000000589: Chromosome 19","Mus (subgenus), Mus (genus), Murinae (subfamily), Muridae (family), Muroidea (no rank), Myomorpha (suborder), Rodentia (order), Glires (no rank), Euarchontoglires (superorder), Boreoeutheria (no rank), Eutheria (no rank), Theria (no rank), Mammalia (class), Amniota (no rank), Tetrapoda (no rank), Dipnotetrapodomorpha (no rank), Sarcopterygii (superclass), Euteleostomi (no rank), Teleostomi (no rank), Gnathostomata (no rank), Vertebrata (no rank), Craniata (subphylum), Chordata (phylum), Deuterostomia (no rank), Bilateria (no rank), Eumetazoa (no rank), Metazoa (kingdom), Opisthokonta (no rank), Eukaryota (superkingdom), cellular organisms (no rank)"
"9","IRAK4_P10639_x1",3,1.26,77.45,0.4466,0.4118,0.1436,43,68,1,2,"IRAK4_P10639_x1_2",1,"P10639","THIO_MOUSE","Txn Txn1","Txn","Txn1","Mus musculus (Mouse)",10090,"Thioredoxin (Trx) (ATL-derived factor) (ADF)","UP000000589: Chromosome 4","Mus (subgenus), Mus (genus), Murinae (subfamily), Muridae (family), Muroidea (no rank), Myomorpha (suborder), Rodentia (order), Glires (no rank), Euarchontoglires (superorder), Boreoeutheria (no rank), Eutheria (no rank), Theria (no rank), Mammalia (class), Amniota (no rank), Tetrapoda (no rank), Dipnotetrapodomorpha (no rank), Sarcopterygii (superclass), Euteleostomi (no rank), Teleostomi (no rank), Gnathostomata (no rank), Vertebrata (no rank), Craniata (subphylum), Chordata (phylum), Deuterostomia (no rank), Bilateria (no rank), Eumetazoa (no rank), Metazoa (kingdom), Opisthokonta (no rank), Eukaryota (superkingdom), cellular organisms (no rank)"
"10","IRAK4_P11157_x1",4,2.18,70.83,0.2305,0.2572,0.0286,65,62,1,2,"IRAK4_P11157_x1_2",1,"P11157","RIR2_MOUSE","Rrm2","Rrm2",NA,"Mus musculus (Mouse)",10090,"Ribonucleoside-diphosphate reductase subunit M2 (EC 1.17.4.1) (Ribonucleotide reductase small chain) (Ribonucleotide reductase small subunit)","UP000000589: Chromosome 12","Mus (subgenus), Mus (genus), Murinae (subfamily), Muridae (family), Muroidea (no rank), Myomorpha (suborder), Rodentia (order), Glires (no rank), Euarchontoglires (superorder), Boreoeutheria (no rank), Eutheria (no rank), Theria (no rank), Mammalia (class), Amniota (no rank), Tetrapoda (no rank), Dipnotetrapodomorpha (no rank), Sarcopterygii (superclass), Euteleostomi (no rank), Teleostomi (no rank), Gnathostomata (no rank), Vertebrata (no rank), Craniata (subphylum), Chordata (phylum), Deuterostomia (no rank), Bilateria (no rank), Eumetazoa (no rank), Metazoa (kingdom), Opisthokonta (no rank), Eukaryota (superkingdom), cellular organisms (no rank)"
"11","IRAK4_P15105_x1",2,0.86,80.71,0.2559,0.2778,0.0281,61,56,1,2,"IRAK4_P15105_x1_2",1,"P15105","GLNA_MOUSE","Glul Glns","Glul","Glns","Mus musculus (Mouse)",10090,"Glutamine synthetase (GS) (EC 6.3.1.2) (Glutamate--ammonia ligase) (Palmitoyltransferase GLUL) (EC 2.3.1.225)","UP000000589: Chromosome 1","Mus (subgenus), Mus (genus), Murinae (subfamily), Muridae (family), Muroidea (no rank), Myomorpha (suborder), Rodentia (order), Glires (no rank), Euarchontoglires (superorder), Boreoeutheria (no rank), Eutheria (no rank), Theria (no rank), Mammalia (class), Amniota (no rank), Tetrapoda (no rank), Dipnotetrapodomorpha (no rank), Sarcopterygii (superclass), Euteleostomi (no rank), Teleostomi (no rank), Gnathostomata (no rank), Vertebrata (no rank), Craniata (subphylum), Chordata (phylum), Deuterostomia (no rank), Bilateria (no rank), Eumetazoa (no rank), Metazoa (kingdom), Opisthokonta (no rank), Eukaryota (superkingdom), cellular organisms (no rank)"
"12","IRAK4_P18572_x1",5,1.82,73.1,0.2922,0.3552,0.1032,75,90,1,2,"IRAK4_P18572_x1_2",1,"P18572","BASI_MOUSE","Bsg","Bsg",NA,"Mus musculus (Mouse)",10090,"Basigin (Basic immunoglobulin superfamily) (HT7 antigen) (Membrane glycoprotein gp42) (CD antigen CD147)","UP000000589: Chromosome 10","Mus (subgenus), Mus (genus), Murinae (subfamily), Muridae (family), Muroidea (no rank), Myomorpha (suborder), Rodentia (order), Glires (no rank), Euarchontoglires (superorder), Boreoeutheria (no rank), Eutheria (no rank), Theria (no rank), Mammalia (class), Amniota (no rank), Tetrapoda (no rank), Dipnotetrapodomorpha (no rank), Sarcopterygii (superclass), Euteleostomi (no rank), Teleostomi (no rank), Gnathostomata (no rank), Vertebrata (no rank), Craniata (subphylum), Chordata (phylum), Deuterostomia (no rank), Bilateria (no rank), Eumetazoa (no rank), Metazoa (kingdom), Opisthokonta (no rank), Eukaryota (superkingdom), cellular organisms (no rank)"
"13","IRAK4_P20108_x1",2,2.22,73.3,0.253,0.3744,0.0308,57,70,1,2,"IRAK4_P20108_x1_2",1,"P20108","PRDX3_MOUSE","Prdx3 Aop1 Mer5","Prdx3","Aop1 Mer5","Mus musculus (Mouse)",10090,"Thioredoxin-dependent peroxide reductase, mitochondrial (EC 1.11.1.24) (Antioxidant protein 1) (AOP-1) (PRX III) (Perioredoxin-3) (Protein MER5) (Thioredoxin-dependent peroxiredoxin 3)","UP000000589: Chromosome 19","Mus (subgenus), Mus (genus), Murinae (subfamily), Muridae (family), Muroidea (no rank), Myomorpha (suborder), Rodentia (order), Glires (no rank), Euarchontoglires (superorder), Boreoeutheria (no rank), Eutheria (no rank), Theria (no rank), Mammalia (class), Amniota (no rank), Tetrapoda (no rank), Dipnotetrapodomorpha (no rank), Sarcopterygii (superclass), Euteleostomi (no rank), Teleostomi (no rank), Gnathostomata (no rank), Vertebrata (no rank), Craniata (subphylum), Chordata (phylum), Deuterostomia (no rank), Bilateria (no rank), Eumetazoa (no rank), Metazoa (kingdom), Opisthokonta (no rank), Eukaryota (superkingdom), cellular organisms (no rank)"
"14","IRAK4_P22366_x1",4,1.4,75.01,0.4285,0.3416,0.3092,98,124,1,2,"IRAK4_P22366_x1_2",1,"P22366","MYD88_MOUSE","Myd88","Myd88",NA,"Mus musculus (Mouse)",10090,"Myeloid differentiation primary response protein MyD88","UP000000589: Chromosome 9","Mus (subgenus), Mus (genus), Murinae (subfamily), Muridae (family), Muroidea (no rank), Myomorpha (suborder), Rodentia (order), Glires (no rank), Euarchontoglires (superorder), Boreoeutheria (no rank), Eutheria (no rank), Theria (no rank), Mammalia (class), Amniota (no rank), Tetrapoda (no rank), Dipnotetrapodomorpha (no rank), Sarcopterygii (superclass), Euteleostomi (no rank), Teleostomi (no rank), Gnathostomata (no rank), Vertebrata (no rank), Craniata (subphylum), Chordata (phylum), Deuterostomia (no rank), Bilateria (no rank), Eumetazoa (no rank), Metazoa (kingdom), Opisthokonta (no rank), Eukaryota (superkingdom), cellular organisms (no rank)"
"15","IRAK4_P23506_x1",2,0.74,81.08,0.5114,0.3796,0.2139,54,56,1,2,"IRAK4_P23506_x1_2",1,"P23506","PIMT_MOUSE","Pcmt1","Pcmt1",NA,"Mus musculus (Mouse)",10090,"Protein-L-isoaspartate(D-aspartate) O-methyltransferase (PIMT) (EC 2.1.1.77) (L-isoaspartyl protein carboxyl methyltransferase) (Protein L-isoaspartyl/D-aspartyl methyltransferase) (Protein-beta-aspartate methyltransferase)","UP000000589: Unplaced","Mus (subgenus), Mus (genus), Murinae (subfamily), Muridae (family), Muroidea (no rank), Myomorpha (suborder), Rodentia (order), Glires (no rank), Euarchontoglires (superorder), Boreoeutheria (no rank), Eutheria (no rank), Theria (no rank), Mammalia (class), Amniota (no rank), Tetrapoda (no rank), Dipnotetrapodomorpha (no rank), Sarcopterygii (superclass), Euteleostomi (no rank), Teleostomi (no rank), Gnathostomata (no rank), Vertebrata (no rank), Craniata (subphylum), Chordata (phylum), Deuterostomia (no rank), Bilateria (no rank), Eumetazoa (no rank), Metazoa (kingdom), Opisthokonta (no rank), Eukaryota (superkingdom), cellular organisms (no rank)"
"16","IRAK4_P28063_x1",1,1.24,72.08,0.3303,0.4101,0.1065,56,56,1,2,"IRAK4_P28063_x1_2",1,"P28063","PSB8_MOUSE","Psmb8 Lmp7 Mc13","Psmb8","Lmp7 Mc13","Mus musculus (Mouse)",10090,"Proteasome subunit beta type-8 (EC 3.4.25.1) (Low molecular mass protein 7) (Macropain subunit C13) (Multicatalytic endopeptidase complex subunit C13) (Proteasome component C13) (Proteasome subunit beta-5i)","UP000000589: Chromosome 17","Mus (subgenus), Mus (genus), Murinae (subfamily), Muridae (family), Muroidea (no rank), Myomorpha (suborder), Rodentia (order), Glires (no rank), Euarchontoglires (superorder), Boreoeutheria (no rank), Eutheria (no rank), Theria (no rank), Mammalia (class), Amniota (no rank), Tetrapoda (no rank), Dipnotetrapodomorpha (no rank), Sarcopterygii (superclass), Euteleostomi (no rank), Teleostomi (no rank), Gnathostomata (no rank), Vertebrata (no rank), Craniata (subphylum), Chordata (phylum), Deuterostomia (no rank), Bilateria (no rank), Eumetazoa (no rank), Metazoa (kingdom), Opisthokonta (no rank), Eukaryota (superkingdom), cellular organisms (no rank)"
"17","IRAK4_P28352_x1",3,1.27,78.67,0.3089,0.3135,0.0641,50,48,1,2,"IRAK4_P28352_x1_2",1,"P28352","APEX1_MOUSE","Apex1 Ape Apex Ref1","Apex1","Ape Apex Ref1","Mus musculus (Mouse)",10090,"DNA-(apurinic or apyrimidinic site) endonuclease (EC 3.1.11.2) (APEX nuclease) (APEN) (Apurinic-apyrimidinic endonuclease 1) (AP endonuclease 1) (REF-1) (Redox factor-1) [Cleaved into: DNA-(apurinic or apyrimidinic site) endonuclease, mitochondrial]","UP000000589: Chromosome 14","Mus (subgenus), Mus (genus), Murinae (subfamily), Muridae (family), Muroidea (no rank), Myomorpha (suborder), Rodentia (order), Glires (no rank), Euarchontoglires (superorder), Boreoeutheria (no rank), Eutheria (no rank), Theria (no rank), Mammalia (class), Amniota (no rank), Tetrapoda (no rank), Dipnotetrapodomorpha (no rank), Sarcopterygii (superclass), Euteleostomi (no rank), Teleostomi (no rank), Gnathostomata (no rank), Vertebrata (no rank), Craniata (subphylum), Chordata (phylum), Deuterostomia (no rank), Bilateria (no rank), Eumetazoa (no rank), Metazoa (kingdom), Opisthokonta (no rank), Eukaryota (superkingdom), cellular organisms (no rank)"
"18","IRAK4_P38060_x1",2,1.67,78.06,0.2775,0.318,0.0543,79,99,1,2,"IRAK4_P38060_x1_2",1,"P38060","HMGCL_MOUSE","Hmgcl","Hmgcl",NA,"Mus musculus (Mouse)",10090,"Hydroxymethylglutaryl-CoA lyase, mitochondrial (HL) (HMG-CoA lyase) (EC 4.1.3.4) (3-hydroxy-3-methylglutarate-CoA lyase)","UP000000589: Chromosome 4","Mus (subgenus), Mus (genus), Murinae (subfamily), Muridae (family), Muroidea (no rank), Myomorpha (suborder), Rodentia (order), Glires (no rank), Euarchontoglires (superorder), Boreoeutheria (no rank), Eutheria (no rank), Theria (no rank), Mammalia (class), Amniota (no rank), Tetrapoda (no rank), Dipnotetrapodomorpha (no rank), Sarcopterygii (superclass), Euteleostomi (no rank), Teleostomi (no rank), Gnathostomata (no rank), Vertebrata (no rank), Craniata (subphylum), Chordata (phylum), Deuterostomia (no rank), Bilateria (no rank), Eumetazoa (no rank), Metazoa (kingdom), Opisthokonta (no rank), Eukaryota (superkingdom), cellular organisms (no rank)"
"19","IRAK4_P47809_x1",2,1.65,70.59,0.2234,0.3066,0.0346,97,107,1,2,"IRAK4_P47809_x1_2",1,"P47809","MP2K4_MOUSE","Map2k4 Jnkk1 Mek4 Mkk4 Prkmk4 Sek1 Serk1 Skk1","Map2k4","Jnkk1 Mek4 Mkk4 Prkmk4 Sek1 Serk1 Skk1","Mus musculus (Mouse)",10090,"Dual specificity mitogen-activated protein kinase kinase 4 (MAP kinase kinase 4) (MAPKK 4) (EC 2.7.12.2) (C-JUN N-terminal kinase kinase 1) (JNK kinase 1) (JNKK 1) (JNK-activating kinase 1) (MAPK/ERK kinase 4) (MEK 4) (SAPK/ERK kinase 1) (SEK1)","UP000000589: Chromosome 11","Mus (subgenus), Mus (genus), Murinae (subfamily), Muridae (family), Muroidea (no rank), Myomorpha (suborder), Rodentia (order), Glires (no rank), Euarchontoglires (superorder), Boreoeutheria (no rank), Eutheria (no rank), Theria (no rank), Mammalia (class), Amniota (no rank), Tetrapoda (no rank), Dipnotetrapodomorpha (no rank), Sarcopterygii (superclass), Euteleostomi (no rank), Teleostomi (no rank), Gnathostomata (no rank), Vertebrata (no rank), Craniata (subphylum), Chordata (phylum), Deuterostomia (no rank), Bilateria (no rank), Eumetazoa (no rank), Metazoa (kingdom), Opisthokonta (no rank), Eukaryota (superkingdom), cellular organisms (no rank)"
"20","IRAK4_P48024_x1",4,0.38,78.34,0.7117,0.5659,0.4533,43,44,1,2,"IRAK4_P48024_x1_2",1,"P48024","EIF1_MOUSE","Eif1 Sui1 Sui1-rs1","Eif1","Sui1 Sui1-rs1","Mus musculus (Mouse)",10090,"Eukaryotic translation initiation factor 1 (eIF1) (Protein translation factor SUI1 homolog)","UP000000589: Chromosome 11","Mus (subgenus), Mus (genus), Murinae (subfamily), Muridae (family), Muroidea (no rank), Myomorpha (suborder), Rodentia (order), Glires (no rank), Euarchontoglires (superorder), Boreoeutheria (no rank), Eutheria (no rank), Theria (no rank), Mammalia (class), Amniota (no rank), Tetrapoda (no rank), Dipnotetrapodomorpha (no rank), Sarcopterygii (superclass), Euteleostomi (no rank), Teleostomi (no rank), Gnathostomata (no rank), Vertebrata (no rank), Craniata (subphylum), Chordata (phylum), Deuterostomia (no rank), Bilateria (no rank), Eumetazoa (no rank), Metazoa (kingdom), Opisthokonta (no rank), Eukaryota (superkingdom), cellular organisms (no rank)"
"21","IRAK4_P49722_x1",2,1.62,77.36,0.3302,0.3411,0.071,74,87,1,2,"IRAK4_P49722_x1_2",1,"P49722","PSA2_MOUSE","Psma2 Lmpc3","Psma2","Lmpc3","Mus musculus (Mouse)",10090,"Proteasome subunit alpha type-2 (Macropain subunit C3) (Multicatalytic endopeptidase complex subunit C3) (Proteasome component C3)","UP000000589: Chromosome 13","Mus (subgenus), Mus (genus), Murinae (subfamily), Muridae (family), Muroidea (no rank), Myomorpha (suborder), Rodentia (order), Glires (no rank), Euarchontoglires (superorder), Boreoeutheria (no rank), Eutheria (no rank), Theria (no rank), Mammalia (class), Amniota (no rank), Tetrapoda (no rank), Dipnotetrapodomorpha (no rank), Sarcopterygii (superclass), Euteleostomi (no rank), Teleostomi (no rank), Gnathostomata (no rank), Vertebrata (no rank), Craniata (subphylum), Chordata (phylum), Deuterostomia (no rank), Bilateria (no rank), Eumetazoa (no rank), Metazoa (kingdom), Opisthokonta (no rank), Eukaryota (superkingdom), cellular organisms (no rank)"
"22","IRAK4_P51943_x1",4,4.52,68.25,0.2258,0.3228,0.0695,82,124,1,2,"IRAK4_P51943_x1_2",1,"P51943","CCNA2_MOUSE","Ccna2 Ccna Cyca Cyca2","Ccna2","Ccna Cyca Cyca2","Mus musculus (Mouse)",10090,"Cyclin-A2 (Cyclin-A)","UP000000589: Chromosome 3","Mus (subgenus), Mus (genus), Murinae (subfamily), Muridae (family), Muroidea (no rank), Myomorpha (suborder), Rodentia (order), Glires (no rank), Euarchontoglires (superorder), Boreoeutheria (no rank), Eutheria (no rank), Theria (no rank), Mammalia (class), Amniota (no rank), Tetrapoda (no rank), Dipnotetrapodomorpha (no rank), Sarcopterygii (superclass), Euteleostomi (no rank), Teleostomi (no rank), Gnathostomata (no rank), Vertebrata (no rank), Craniata (subphylum), Chordata (phylum), Deuterostomia (no rank), Bilateria (no rank), Eumetazoa (no rank), Metazoa (kingdom), Opisthokonta (no rank), Eukaryota (superkingdom), cellular organisms (no rank)"
"23","IRAK4_P58801_x1",1,1.67,68.01,0.2784,0.2801,0.0942,112,133,1,2,"IRAK4_P58801_x1_2",1,"P58801","RIPK2_MOUSE","Ripk2","Ripk2",NA,"Mus musculus (Mouse)",10090,"Receptor-interacting serine/threonine-protein kinase 2 (EC 2.7.11.1) (Tyrosine-protein kinase RIPK2) (EC 2.7.10.2)","UP000000589: Chromosome 4","Mus (subgenus), Mus (genus), Murinae (subfamily), Muridae (family), Muroidea (no rank), Myomorpha (suborder), Rodentia (order), Glires (no rank), Euarchontoglires (superorder), Boreoeutheria (no rank), Eutheria (no rank), Theria (no rank), Mammalia (class), Amniota (no rank), Tetrapoda (no rank), Dipnotetrapodomorpha (no rank), Sarcopterygii (superclass), Euteleostomi (no rank), Teleostomi (no rank), Gnathostomata (no rank), Vertebrata (no rank), Craniata (subphylum), Chordata (phylum), Deuterostomia (no rank), Bilateria (no rank), Eumetazoa (no rank), Metazoa (kingdom), Opisthokonta (no rank), Eukaryota (superkingdom), cellular organisms (no rank)"
"24","IRAK4_P59325_x1",5,2.44,71.63,0.4931,0.3268,0.2409,71,89,1,2,"IRAK4_P59325_x1_2",1,"P59325","IF5_MOUSE","Eif5","Eif5",NA,"Mus musculus (Mouse)",10090,"Eukaryotic translation initiation factor 5 (eIF-5)","UP000000589: Chromosome 12","Mus (subgenus), Mus (genus), Murinae (subfamily), Muridae (family), Muroidea (no rank), Myomorpha (suborder), Rodentia (order), Glires (no rank), Euarchontoglires (superorder), Boreoeutheria (no rank), Eutheria (no rank), Theria (no rank), Mammalia (class), Amniota (no rank), Tetrapoda (no rank), Dipnotetrapodomorpha (no rank), Sarcopterygii (superclass), Euteleostomi (no rank), Teleostomi (no rank), Gnathostomata (no rank), Vertebrata (no rank), Craniata (subphylum), Chordata (phylum), Deuterostomia (no rank), Bilateria (no rank), Eumetazoa (no rank), Metazoa (kingdom), Opisthokonta (no rank), Eukaryota (superkingdom), cellular organisms (no rank)"
"25","IRAK4_P59511_x1",4,17.51,62.15,0.5568,0.341,0.28,98,100,1,2,"IRAK4_P59511_x1_2",1,"P59511","ATS20_MOUSE","Adamts20","Adamts20",NA,"Mus musculus (Mouse)",10090,"A disintegrin and metalloproteinase with thrombospondin motifs 20 (ADAM-TS 20) (ADAM-TS20) (ADAMTS-20) (EC 3.4.24.-)","UP000000589: Chromosome 15","Mus (subgenus), Mus (genus), Murinae (subfamily), Muridae (family), Muroidea (no rank), Myomorpha (suborder), Rodentia (order), Glires (no rank), Euarchontoglires (superorder), Boreoeutheria (no rank), Eutheria (no rank), Theria (no rank), Mammalia (class), Amniota (no rank), Tetrapoda (no rank), Dipnotetrapodomorpha (no rank), Sarcopterygii (superclass), Euteleostomi (no rank), Teleostomi (no rank), Gnathostomata (no rank), Vertebrata (no rank), Craniata (subphylum), Chordata (phylum), Deuterostomia (no rank), Bilateria (no rank), Eumetazoa (no rank), Metazoa (kingdom), Opisthokonta (no rank), Eukaryota (superkingdom), cellular organisms (no rank)"
"26","IRAK4_P60762_x1",4,2.07,67.31,0.2394,0.1808,0.0249,55,52,1,2,"IRAK4_P60762_x1_2",1,"P60762","MO4L1_MOUSE","Morf4l1 Mrg15 Tex189","Morf4l1","Mrg15 Tex189","Mus musculus (Mouse)",10090,"Mortality factor 4-like protein 1 (MORF-related gene 15 protein) (Testis-expressed gene 189 protein) (Transcription factor-like protein MRG15)","UP000000589: Chromosome 9","Mus (subgenus), Mus (genus), Murinae (subfamily), Muridae (family), Muroidea (no rank), Myomorpha (suborder), Rodentia (order), Glires (no rank), Euarchontoglires (superorder), Boreoeutheria (no rank), Eutheria (no rank), Theria (no rank), Mammalia (class), Amniota (no rank), Tetrapoda (no rank), Dipnotetrapodomorpha (no rank), Sarcopterygii (superclass), Euteleostomi (no rank), Teleostomi (no rank), Gnathostomata (no rank), Vertebrata (no rank), Craniata (subphylum), Chordata (phylum), Deuterostomia (no rank), Bilateria (no rank), Eumetazoa (no rank), Metazoa (kingdom), Opisthokonta (no rank), Eukaryota (superkingdom), cellular organisms (no rank)"
"27","IRAK4_P61759_x1",4,0.67,76.74,0.5786,0.4009,0.248,47,44,1,2,"IRAK4_P61759_x1_2",1,"P61759","PFD3_MOUSE","Vbp1 Pfdn3","Vbp1","Pfdn3","Mus musculus (Mouse)",10090,"Prefoldin subunit 3 (von Hippel-Lindau-binding protein 1) (VBP-1) (VHL-binding protein 1)","UP000000589: Chromosome X","Mus (subgenus), Mus (genus), Murinae (subfamily), Muridae (family), Muroidea (no rank), Myomorpha (suborder), Rodentia (order), Glires (no rank), Euarchontoglires (superorder), Boreoeutheria (no rank), Eutheria (no rank), Theria (no rank), Mammalia (class), Amniota (no rank), Tetrapoda (no rank), Dipnotetrapodomorpha (no rank), Sarcopterygii (superclass), Euteleostomi (no rank), Teleostomi (no rank), Gnathostomata (no rank), Vertebrata (no rank), Craniata (subphylum), Chordata (phylum), Deuterostomia (no rank), Bilateria (no rank), Eumetazoa (no rank), Metazoa (kingdom), Opisthokonta (no rank), Eukaryota (superkingdom), cellular organisms (no rank)"
"28","IRAK4_P70191_x1",1,1.78,69.9,0.2692,0.3499,0.073,69,86,1,2,"IRAK4_P70191_x1_2",1,"P70191","TRAF5_MOUSE","Traf5","Traf5",NA,"Mus musculus (Mouse)",10090,"TNF receptor-associated factor 5","UP000000589: Chromosome 1","Mus (subgenus), Mus (genus), Murinae (subfamily), Muridae (family), Muroidea (no rank), Myomorpha (suborder), Rodentia (order), Glires (no rank), Euarchontoglires (superorder), Boreoeutheria (no rank), Eutheria (no rank), Theria (no rank), Mammalia (class), Amniota (no rank), Tetrapoda (no rank), Dipnotetrapodomorpha (no rank), Sarcopterygii (superclass), Euteleostomi (no rank), Teleostomi (no rank), Gnathostomata (no rank), Vertebrata (no rank), Craniata (subphylum), Chordata (phylum), Deuterostomia (no rank), Bilateria (no rank), Eumetazoa (no rank), Metazoa (kingdom), Opisthokonta (no rank), Eukaryota (superkingdom), cellular organisms (no rank)"
"29","IRAK4_P99029_x1",2,1.45,76.57,0.2842,0.3786,0.0283,47,49,1,2,"IRAK4_P99029_x1_2",1,"P99029","PRDX5_MOUSE","Prdx5 Prdx6","Prdx5","Prdx6","Mus musculus (Mouse)",10090,"Peroxiredoxin-5, mitochondrial (EC 1.11.1.24) (Antioxidant enzyme B166) (AOEB166) (Liver tissue 2D-page spot 2D-0014IV) (PLP) (Peroxiredoxin V) (Prx-V) (Peroxisomal antioxidant enzyme) (Thioredoxin peroxidase PMP20) (Thioredoxin-dependent peroxiredoxin 5)","UP000000589: Chromosome 19","Mus (subgenus), Mus (genus), Murinae (subfamily), Muridae (family), Muroidea (no rank), Myomorpha (suborder), Rodentia (order), Glires (no rank), Euarchontoglires (superorder), Boreoeutheria (no rank), Eutheria (no rank), Theria (no rank), Mammalia (class), Amniota (no rank), Tetrapoda (no rank), Dipnotetrapodomorpha (no rank), Sarcopterygii (superclass), Euteleostomi (no rank), Teleostomi (no rank), Gnathostomata (no rank), Vertebrata (no rank), Craniata (subphylum), Chordata (phylum), Deuterostomia (no rank), Bilateria (no rank), Eumetazoa (no rank), Metazoa (kingdom), Opisthokonta (no rank), Eukaryota (superkingdom), cellular organisms (no rank)"
"30","IRAK4_Q3TIX9_x1",3,3.66,74.41,0.2388,0.3197,0.0225,56,62,1,2,"IRAK4_Q3TIX9_x1_2",1,"Q3TIX9","SNUT2_MOUSE","Usp39","Usp39",NA,"Mus musculus (Mouse)",10090,"U4/U6.U5 tri-snRNP-associated protein 2 (Inactive ubiquitin-specific peptidase 39)","UP000000589: Chromosome 6","Mus (subgenus), Mus (genus), Murinae (subfamily), Muridae (family), Muroidea (no rank), Myomorpha (suborder), Rodentia (order), Glires (no rank), Euarchontoglires (superorder), Boreoeutheria (no rank), Eutheria (no rank), Theria (no rank), Mammalia (class), Amniota (no rank), Tetrapoda (no rank), Dipnotetrapodomorpha (no rank), Sarcopterygii (superclass), Euteleostomi (no rank), Teleostomi (no rank), Gnathostomata (no rank), Vertebrata (no rank), Craniata (subphylum), Chordata (phylum), Deuterostomia (no rank), Bilateria (no rank), Eumetazoa (no rank), Metazoa (kingdom), Opisthokonta (no rank), Eukaryota (superkingdom), cellular organisms (no rank)"
"31","IRAK4_Q3TW96_x1",1,0.74,81.75,0.63,0.352,0.2395,88,105,1,2,"IRAK4_Q3TW96_x1_2",1,"Q3TW96","UAP1L_MOUSE","Uap1l1","Uap1l1",NA,"Mus musculus (Mouse)",10090,"UDP-N-acetylhexosamine pyrophosphorylase-like protein 1 (EC 2.7.7.-)","UP000000589: Chromosome 2","Mus (subgenus), Mus (genus), Murinae (subfamily), Muridae (family), Muroidea (no rank), Myomorpha (suborder), Rodentia (order), Glires (no rank), Euarchontoglires (superorder), Boreoeutheria (no rank), Eutheria (no rank), Theria (no rank), Mammalia (class), Amniota (no rank), Tetrapoda (no rank), Dipnotetrapodomorpha (no rank), Sarcopterygii (superclass), Euteleostomi (no rank), Teleostomi (no rank), Gnathostomata (no rank), Vertebrata (no rank), Craniata (subphylum), Chordata (phylum), Deuterostomia (no rank), Bilateria (no rank), Eumetazoa (no rank), Metazoa (kingdom), Opisthokonta (no rank), Eukaryota (superkingdom), cellular organisms (no rank)"
"32","IRAK4_Q3UHX2_x1",5,1.48,64.04,0.3178,0.4491,0.1556,80,95,1,2,"IRAK4_Q3UHX2_x1_2",1,"Q3UHX2","HAP28_MOUSE","Pdap1","Pdap1",NA,"Mus musculus (Mouse)",10090,"28 kDa heat- and acid-stable phosphoprotein (PDGF-associated protein) (PAP) (PDGFA-associated protein 1) (PAP1)","UP000000589: Chromosome 5","Mus (subgenus), Mus (genus), Murinae (subfamily), Muridae (family), Muroidea (no rank), Myomorpha (suborder), Rodentia (order), Glires (no rank), Euarchontoglires (superorder), Boreoeutheria (no rank), Eutheria (no rank), Theria (no rank), Mammalia (class), Amniota (no rank), Tetrapoda (no rank), Dipnotetrapodomorpha (no rank), Sarcopterygii (superclass), Euteleostomi (no rank), Teleostomi (no rank), Gnathostomata (no rank), Vertebrata (no rank), Craniata (subphylum), Chordata (phylum), Deuterostomia (no rank), Bilateria (no rank), Eumetazoa (no rank), Metazoa (kingdom), Opisthokonta (no rank), Eukaryota (superkingdom), cellular organisms (no rank)"
"33","IRAK4_Q499X9_x1",4,1.57,81.32,0.7349,0.4247,0.3345,65,62,1,2,"IRAK4_Q499X9_x1_2",1,"Q499X9","SYMM_MOUSE","Mars2","Mars2",NA,"Mus musculus (Mouse)",10090,"Methionine--tRNA ligase, mitochondrial (EC 6.1.1.10) (Methionyl-tRNA synthetase 2) (Mitochondrial methionyl-tRNA synthetase) (MtMetRS)","UP000000589: Chromosome 1","Mus (subgenus), Mus (genus), Murinae (subfamily), Muridae (family), Muroidea (no rank), Myomorpha (suborder), Rodentia (order), Glires (no rank), Euarchontoglires (superorder), Boreoeutheria (no rank), Eutheria (no rank), Theria (no rank), Mammalia (class), Amniota (no rank), Tetrapoda (no rank), Dipnotetrapodomorpha (no rank), Sarcopterygii (superclass), Euteleostomi (no rank), Teleostomi (no rank), Gnathostomata (no rank), Vertebrata (no rank), Craniata (subphylum), Chordata (phylum), Deuterostomia (no rank), Bilateria (no rank), Eumetazoa (no rank), Metazoa (kingdom), Opisthokonta (no rank), Eukaryota (superkingdom), cellular organisms (no rank)"
"34","IRAK4_Q52KE7_x1",4,4.14,63.47,0.4167,0.4178,0.237,76,81,1,2,"IRAK4_Q52KE7_x1_2",1,"Q52KE7","CCNL1_MOUSE","Ccnl1 Ania6a Ccn1","Ccnl1","Ania6a Ccn1","Mus musculus (Mouse)",10090,"Cyclin-L1 (Cyclin-L) (Cyclin Ania-6a)","UP000000589: Chromosome 3","Mus (subgenus), Mus (genus), Murinae (subfamily), Muridae (family), Muroidea (no rank), Myomorpha (suborder), Rodentia (order), Glires (no rank), Euarchontoglires (superorder), Boreoeutheria (no rank), Eutheria (no rank), Theria (no rank), Mammalia (class), Amniota (no rank), Tetrapoda (no rank), Dipnotetrapodomorpha (no rank), Sarcopterygii (superclass), Euteleostomi (no rank), Teleostomi (no rank), Gnathostomata (no rank), Vertebrata (no rank), Craniata (subphylum), Chordata (phylum), Deuterostomia (no rank), Bilateria (no rank), Eumetazoa (no rank), Metazoa (kingdom), Opisthokonta (no rank), Eukaryota (superkingdom), cellular organisms (no rank)"
"35","IRAK4_Q5DTM8_x1",5,7.8,59.74,0.3832,0.3734,0.1372,41,35,1,2,"IRAK4_Q5DTM8_x1_2",1,"Q5DTM8","BRE1A_MOUSE","Rnf20 Bre1a Kiaa4116","Rnf20","Bre1a Kiaa4116","Mus musculus (Mouse)",10090,"E3 ubiquitin-protein ligase BRE1A (BRE1-A) (EC 2.3.2.27) (RING finger protein 20) (RING-type E3 ubiquitin transferase BRE1A)","UP000000589: Chromosome 4","Mus (subgenus), Mus (genus), Murinae (subfamily), Muridae (family), Muroidea (no rank), Myomorpha (suborder), Rodentia (order), Glires (no rank), Euarchontoglires (superorder), Boreoeutheria (no rank), Eutheria (no rank), Theria (no rank), Mammalia (class), Amniota (no rank), Tetrapoda (no rank), Dipnotetrapodomorpha (no rank), Sarcopterygii (superclass), Euteleostomi (no rank), Teleostomi (no rank), Gnathostomata (no rank), Vertebrata (no rank), Craniata (subphylum), Chordata (phylum), Deuterostomia (no rank), Bilateria (no rank), Eumetazoa (no rank), Metazoa (kingdom), Opisthokonta (no rank), Eukaryota (superkingdom), cellular organisms (no rank)"
"36","IRAK4_Q5HZG4_x1",2,5.83,46.68,0.487,0.4582,0.3409,55,71,1,2,"IRAK4_Q5HZG4_x1_2",1,"Q5HZG4","TAF3_MOUSE","Taf3","Taf3",NA,"Mus musculus (Mouse)",10090,"Transcription initiation factor TFIID subunit 3 (140 kDa TATA box-binding protein-associated factor) (TBP-associated factor 3) (Transcription initiation factor TFIID 140 kDa subunit) (TAF(II)140) (TAF140) (TAFII-140) (TAFII140)","UP000000589: Chromosome 2","Mus (subgenus), Mus (genus), Murinae (subfamily), Muridae (family), Muroidea (no rank), Myomorpha (suborder), Rodentia (order), Glires (no rank), Euarchontoglires (superorder), Boreoeutheria (no rank), Eutheria (no rank), Theria (no rank), Mammalia (class), Amniota (no rank), Tetrapoda (no rank), Dipnotetrapodomorpha (no rank), Sarcopterygii (superclass), Euteleostomi (no rank), Teleostomi (no rank), Gnathostomata (no rank), Vertebrata (no rank), Craniata (subphylum), Chordata (phylum), Deuterostomia (no rank), Bilateria (no rank), Eumetazoa (no rank), Metazoa (kingdom), Opisthokonta (no rank), Eukaryota (superkingdom), cellular organisms (no rank)"
"37","IRAK4_Q60872_x1",1,1.91,72.72,0.2997,0.3747,0.0627,68,73,1,2,"IRAK4_Q60872_x1_2",1,"Q60872","IF1A_MOUSE","Eif1a","Eif1a",NA,"Mus musculus (Mouse)",10090,"Eukaryotic translation initiation factor 1A (eIF-1A) (Eukaryotic translation initiation factor 4C) (eIF-4C)","UP000000589: Chromosome 18","Mus (subgenus), Mus (genus), Murinae (subfamily), Muridae (family), Muroidea (no rank), Myomorpha (suborder), Rodentia (order), Glires (no rank), Euarchontoglires (superorder), Boreoeutheria (no rank), Eutheria (no rank), Theria (no rank), Mammalia (class), Amniota (no rank), Tetrapoda (no rank), Dipnotetrapodomorpha (no rank), Sarcopterygii (superclass), Euteleostomi (no rank), Teleostomi (no rank), Gnathostomata (no rank), Vertebrata (no rank), Craniata (subphylum), Chordata (phylum), Deuterostomia (no rank), Bilateria (no rank), Eumetazoa (no rank), Metazoa (kingdom), Opisthokonta (no rank), Eukaryota (superkingdom), cellular organisms (no rank)"
"38","IRAK4_Q61048_x1",1,3.09,56.75,0.2651,0.4449,0.1222,134,193,1,2,"IRAK4_Q61048_x1_2",1,"Q61048","WBP4_MOUSE","Wbp4 Fbp21 Fnbp21","Wbp4","Fbp21 Fnbp21","Mus musculus (Mouse)",10090,"WW domain-binding protein 4 (WBP-4) (Formin-binding protein 21) (WW domain-containing-binding protein 4)","UP000000589: Chromosome 14","Mus (subgenus), Mus (genus), Murinae (subfamily), Muridae (family), Muroidea (no rank), Myomorpha (suborder), Rodentia (order), Glires (no rank), Euarchontoglires (superorder), Boreoeutheria (no rank), Eutheria (no rank), Theria (no rank), Mammalia (class), Amniota (no rank), Tetrapoda (no rank), Dipnotetrapodomorpha (no rank), Sarcopterygii (superclass), Euteleostomi (no rank), Teleostomi (no rank), Gnathostomata (no rank), Vertebrata (no rank), Craniata (subphylum), Chordata (phylum), Deuterostomia (no rank), Bilateria (no rank), Eumetazoa (no rank), Metazoa (kingdom), Opisthokonta (no rank), Eukaryota (superkingdom), cellular organisms (no rank)"
"39","IRAK4_Q61102_x1",4,1.28,70.05,0.2477,0.241,0.0279,39,33,1,2,"IRAK4_Q61102_x1_2",1,"Q61102","ABCB7_MOUSE","Abcb7 Abc7","Abcb7","Abc7","Mus musculus (Mouse)",10090,"Iron-sulfur clusters transporter ABCB7, mitochondrial (ATP-binding cassette sub-family B member 7, mitochondrial) (ATP-binding cassette transporter 7) (ABC transporter 7 protein)","UP000000589: Chromosome X","Mus (subgenus), Mus (genus), Murinae (subfamily), Muridae (family), Muroidea (no rank), Myomorpha (suborder), Rodentia (order), Glires (no rank), Euarchontoglires (superorder), Boreoeutheria (no rank), Eutheria (no rank), Theria (no rank), Mammalia (class), Amniota (no rank), Tetrapoda (no rank), Dipnotetrapodomorpha (no rank), Sarcopterygii (superclass), Euteleostomi (no rank), Teleostomi (no rank), Gnathostomata (no rank), Vertebrata (no rank), Craniata (subphylum), Chordata (phylum), Deuterostomia (no rank), Bilateria (no rank), Eumetazoa (no rank), Metazoa (kingdom), Opisthokonta (no rank), Eukaryota (superkingdom), cellular organisms (no rank)"
"40","IRAK4_Q61749_x1",2,1.18,71.15,0.2652,0.3339,0.0543,74,75,1,2,"IRAK4_Q61749_x1_2",1,"Q61749","EI2BD_MOUSE","Eif2b4 Eif2b Eif2bd Jgr1a","Eif2b4","Eif2b Eif2bd Jgr1a","Mus musculus (Mouse)",10090,"Translation initiation factor eIF-2B subunit delta (eIF-2B GDP-GTP exchange factor subunit delta)","UP000000589: Chromosome 5","Mus (subgenus), Mus (genus), Murinae (subfamily), Muridae (family), Muroidea (no rank), Myomorpha (suborder), Rodentia (order), Glires (no rank), Euarchontoglires (superorder), Boreoeutheria (no rank), Eutheria (no rank), Theria (no rank), Mammalia (class), Amniota (no rank), Tetrapoda (no rank), Dipnotetrapodomorpha (no rank), Sarcopterygii (superclass), Euteleostomi (no rank), Teleostomi (no rank), Gnathostomata (no rank), Vertebrata (no rank), Craniata (subphylum), Chordata (phylum), Deuterostomia (no rank), Bilateria (no rank), Eumetazoa (no rank), Metazoa (kingdom), Opisthokonta (no rank), Eukaryota (superkingdom), cellular organisms (no rank)"
"41","IRAK4_Q62209_x1",3,17.04,57.31,0.5219,0.3984,0.2862,55,49,1,2,"IRAK4_Q62209_x1_2",1,"Q62209","SYCP1_MOUSE","Sycp1 Scp1","Sycp1","Scp1","Mus musculus (Mouse)",10090,"Synaptonemal complex protein 1 (SCP-1)","UP000000589: Chromosome 3","Mus (subgenus), Mus (genus), Murinae (subfamily), Muridae (family), Muroidea (no rank), Myomorpha (suborder), Rodentia (order), Glires (no rank), Euarchontoglires (superorder), Boreoeutheria (no rank), Eutheria (no rank), Theria (no rank), Mammalia (class), Amniota (no rank), Tetrapoda (no rank), Dipnotetrapodomorpha (no rank), Sarcopterygii (superclass), Euteleostomi (no rank), Teleostomi (no rank), Gnathostomata (no rank), Vertebrata (no rank), Craniata (subphylum), Chordata (phylum), Deuterostomia (no rank), Bilateria (no rank), Eumetazoa (no rank), Metazoa (kingdom), Opisthokonta (no rank), Eukaryota (superkingdom), cellular organisms (no rank)"
"42","IRAK4_Q62406_x1",1,2.02,66.21,0.6186,0.5471,0.5015,108,124,1,2,"IRAK4_Q62406_x1_2",1,"Q62406","IRAK1_MOUSE","Irak1 Il1rak","Irak1","Il1rak","Mus musculus (Mouse)",10090,"Interleukin-1 receptor-associated kinase 1 (IRAK) (IRAK-1) (EC 2.7.11.1) (Pelle-like protein kinase) (mPLK)","UP000000589: Chromosome X","Mus (subgenus), Mus (genus), Murinae (subfamily), Muridae (family), Muroidea (no rank), Myomorpha (suborder), Rodentia (order), Glires (no rank), Euarchontoglires (superorder), Boreoeutheria (no rank), Eutheria (no rank), Theria (no rank), Mammalia (class), Amniota (no rank), Tetrapoda (no rank), Dipnotetrapodomorpha (no rank), Sarcopterygii (superclass), Euteleostomi (no rank), Teleostomi (no rank), Gnathostomata (no rank), Vertebrata (no rank), Craniata (subphylum), Chordata (phylum), Deuterostomia (no rank), Bilateria (no rank), Eumetazoa (no rank), Metazoa (kingdom), Opisthokonta (no rank), Eukaryota (superkingdom), cellular organisms (no rank)"
"43","IRAK4_Q64152_x1",2,7.17,67.51,0.3957,0.3105,0.1327,36,35,1,2,"IRAK4_Q64152_x1_2",1,"Q64152","BTF3_MOUSE","Btf3","Btf3",NA,"Mus musculus (Mouse)",10090,"Transcription factor BTF3 (Nascent polypeptide-associated complex subunit beta) (NAC-beta) (RNA polymerase B transcription factor 3)","UP000000589: Chromosome 13","Mus (subgenus), Mus (genus), Murinae (subfamily), Muridae (family), Muroidea (no rank), Myomorpha (suborder), Rodentia (order), Glires (no rank), Euarchontoglires (superorder), Boreoeutheria (no rank), Eutheria (no rank), Theria (no rank), Mammalia (class), Amniota (no rank), Tetrapoda (no rank), Dipnotetrapodomorpha (no rank), Sarcopterygii (superclass), Euteleostomi (no rank), Teleostomi (no rank), Gnathostomata (no rank), Vertebrata (no rank), Craniata (subphylum), Chordata (phylum), Deuterostomia (no rank), Bilateria (no rank), Eumetazoa (no rank), Metazoa (kingdom), Opisthokonta (no rank), Eukaryota (superkingdom), cellular organisms (no rank)"
"44","IRAK4_Q6NZB0_x1",2,3.83,74.19,0.332,0.4126,0.153,50,55,1,2,"IRAK4_Q6NZB0_x1_2",1,"Q6NZB0","DNJC8_MOUSE","Dnajc8","Dnajc8",NA,"Mus musculus (Mouse)",10090,"DnaJ homolog subfamily C member 8","UP000000589: Chromosome 4","Mus (subgenus), Mus (genus), Murinae (subfamily), Muridae (family), Muroidea (no rank), Myomorpha (suborder), Rodentia (order), Glires (no rank), Euarchontoglires (superorder), Boreoeutheria (no rank), Eutheria (no rank), Theria (no rank), Mammalia (class), Amniota (no rank), Tetrapoda (no rank), Dipnotetrapodomorpha (no rank), Sarcopterygii (superclass), Euteleostomi (no rank), Teleostomi (no rank), Gnathostomata (no rank), Vertebrata (no rank), Craniata (subphylum), Chordata (phylum), Deuterostomia (no rank), Bilateria (no rank), Eumetazoa (no rank), Metazoa (kingdom), Opisthokonta (no rank), Eukaryota (superkingdom), cellular organisms (no rank)"
"45","IRAK4_Q7JJ13_x1",1,3.61,52.01,0.2311,0.3455,0.0622,112,166,1,2,"IRAK4_Q7JJ13_x1_2",1,"Q7JJ13","BRD2_MOUSE","Brd2 Fsrg1 Kiaa4005 Ring3","Brd2","Fsrg1 Kiaa4005 Ring3","Mus musculus (Mouse)",10090,"Bromodomain-containing protein 2 (Female sterile homeotic-related protein 1) (Fsrg-1) (Protein RING3)","UP000000589: Chromosome 17","Mus (subgenus), Mus (genus), Murinae (subfamily), Muridae (family), Muroidea (no rank), Myomorpha (suborder), Rodentia (order), Glires (no rank), Euarchontoglires (superorder), Boreoeutheria (no rank), Eutheria (no rank), Theria (no rank), Mammalia (class), Amniota (no rank), Tetrapoda (no rank), Dipnotetrapodomorpha (no rank), Sarcopterygii (superclass), Euteleostomi (no rank), Teleostomi (no rank), Gnathostomata (no rank), Vertebrata (no rank), Craniata (subphylum), Chordata (phylum), Deuterostomia (no rank), Bilateria (no rank), Eumetazoa (no rank), Metazoa (kingdom), Opisthokonta (no rank), Eukaryota (superkingdom), cellular organisms (no rank)"
"46","IRAK4_Q7TQK0_x1",5,5.16,53.85,0.2842,0.3346,0.0831,59,86,1,2,"IRAK4_Q7TQK0_x1_2",1,"Q7TQK0","CCNT2_MOUSE","Ccnt2","Ccnt2",NA,"Mus musculus (Mouse)",10090,"Cyclin-T2 (CycT2)","UP000000589: Chromosome 1","Mus (subgenus), Mus (genus), Murinae (subfamily), Muridae (family), Muroidea (no rank), Myomorpha (suborder), Rodentia (order), Glires (no rank), Euarchontoglires (superorder), Boreoeutheria (no rank), Eutheria (no rank), Theria (no rank), Mammalia (class), Amniota (no rank), Tetrapoda (no rank), Dipnotetrapodomorpha (no rank), Sarcopterygii (superclass), Euteleostomi (no rank), Teleostomi (no rank), Gnathostomata (no rank), Vertebrata (no rank), Craniata (subphylum), Chordata (phylum), Deuterostomia (no rank), Bilateria (no rank), Eumetazoa (no rank), Metazoa (kingdom), Opisthokonta (no rank), Eukaryota (superkingdom), cellular organisms (no rank)"
"47","IRAK4_Q80T85_x1",5,5.89,54.8,0.4157,0.2536,0.1758,106,125,1,2,"IRAK4_Q80T85_x1_2",1,"Q80T85","DCAF5_MOUSE","Dcaf5 Kiaa1824 Wdr22","Dcaf5","Kiaa1824 Wdr22","Mus musculus (Mouse)",10090,"DDB1- and CUL4-associated factor 5 (WD repeat-containing protein 22)","UP000000589: Chromosome 12","Mus (subgenus), Mus (genus), Murinae (subfamily), Muridae (family), Muroidea (no rank), Myomorpha (suborder), Rodentia (order), Glires (no rank), Euarchontoglires (superorder), Boreoeutheria (no rank), Eutheria (no rank), Theria (no rank), Mammalia (class), Amniota (no rank), Tetrapoda (no rank), Dipnotetrapodomorpha (no rank), Sarcopterygii (superclass), Euteleostomi (no rank), Teleostomi (no rank), Gnathostomata (no rank), Vertebrata (no rank), Craniata (subphylum), Chordata (phylum), Deuterostomia (no rank), Bilateria (no rank), Eumetazoa (no rank), Metazoa (kingdom), Opisthokonta (no rank), Eukaryota (superkingdom), cellular organisms (no rank)"
"48","IRAK4_Q8BIJ6_x1",1,2.26,79.83,0.2888,0.354,0.0249,65,100,1,2,"IRAK4_Q8BIJ6_x1_2",1,"Q8BIJ6","SYIM_MOUSE","Iars2","Iars2",NA,"Mus musculus (Mouse)",10090,"Isoleucine--tRNA ligase, mitochondrial (EC 6.1.1.5) (Isoleucyl-tRNA synthetase) (IleRS)","UP000000589: Chromosome 1","Mus (subgenus), Mus (genus), Murinae (subfamily), Muridae (family), Muroidea (no rank), Myomorpha (suborder), Rodentia (order), Glires (no rank), Euarchontoglires (superorder), Boreoeutheria (no rank), Eutheria (no rank), Theria (no rank), Mammalia (class), Amniota (no rank), Tetrapoda (no rank), Dipnotetrapodomorpha (no rank), Sarcopterygii (superclass), Euteleostomi (no rank), Teleostomi (no rank), Gnathostomata (no rank), Vertebrata (no rank), Craniata (subphylum), Chordata (phylum), Deuterostomia (no rank), Bilateria (no rank), Eumetazoa (no rank), Metazoa (kingdom), Opisthokonta (no rank), Eukaryota (superkingdom), cellular organisms (no rank)"
"49","IRAK4_Q8BU14_x1",3,1.86,64.42,0.2912,0.3395,0.121,98,121,1,2,"IRAK4_Q8BU14_x1_2",1,"Q8BU14","SEC62_MOUSE","Sec62 Tloc1","Sec62","Tloc1","Mus musculus (Mouse)",10090,"Translocation protein SEC62 (Translocation protein 1) (TP-1)","UP000000589: Chromosome 3","Mus (subgenus), Mus (genus), Murinae (subfamily), Muridae (family), Muroidea (no rank), Myomorpha (suborder), Rodentia (order), Glires (no rank), Euarchontoglires (superorder), Boreoeutheria (no rank), Eutheria (no rank), Theria (no rank), Mammalia (class), Amniota (no rank), Tetrapoda (no rank), Dipnotetrapodomorpha (no rank), Sarcopterygii (superclass), Euteleostomi (no rank), Teleostomi (no rank), Gnathostomata (no rank), Vertebrata (no rank), Craniata (subphylum), Chordata (phylum), Deuterostomia (no rank), Bilateria (no rank), Eumetazoa (no rank), Metazoa (kingdom), Opisthokonta (no rank), Eukaryota (superkingdom), cellular organisms (no rank)"
"50","IRAK4_Q8BZX4_x1",2,4.23,55.84,0.2387,0.3814,0.0687,87,105,1,2,"IRAK4_Q8BZX4_x1_2",1,"Q8BZX4","SREK1_MOUSE","Srek1 Sfrs12 Srrp86","Srek1","Sfrs12 Srrp86","Mus musculus (Mouse)",10090,"Splicing regulatory glutamine/lysine-rich protein 1 (Serine/arginine-rich-splicing regulatory protein 86) (SRrp86) (Splicing factor, arginine/serine-rich 12)","UP000000589: Chromosome 13","Mus (subgenus), Mus (genus), Murinae (subfamily), Muridae (family), Muroidea (no rank), Myomorpha (suborder), Rodentia (order), Glires (no rank), Euarchontoglires (superorder), Boreoeutheria (no rank), Eutheria (no rank), Theria (no rank), Mammalia (class), Amniota (no rank), Tetrapoda (no rank), Dipnotetrapodomorpha (no rank), Sarcopterygii (superclass), Euteleostomi (no rank), Teleostomi (no rank), Gnathostomata (no rank), Vertebrata (no rank), Craniata (subphylum), Chordata (phylum), Deuterostomia (no rank), Bilateria (no rank), Eumetazoa (no rank), Metazoa (kingdom), Opisthokonta (no rank), Eukaryota (superkingdom), cellular organisms (no rank)"
"51","IRAK4_Q8C1S0_x1",2,1.82,62.67,0.2669,0.3432,0.0707,39,37,1,2,"IRAK4_Q8C1S0_x1_2",1,"Q8C1S0","MED19_MOUSE","Med19","Med19",NA,"Mus musculus (Mouse)",10090,"Mediator of RNA polymerase II transcription subunit 19 (Mediator complex subunit 19)","UP000000589: Chromosome 2","Mus (subgenus), Mus (genus), Murinae (subfamily), Muridae (family), Muroidea (no rank), Myomorpha (suborder), Rodentia (order), Glires (no rank), Euarchontoglires (superorder), Boreoeutheria (no rank), Eutheria (no rank), Theria (no rank), Mammalia (class), Amniota (no rank), Tetrapoda (no rank), Dipnotetrapodomorpha (no rank), Sarcopterygii (superclass), Euteleostomi (no rank), Teleostomi (no rank), Gnathostomata (no rank), Vertebrata (no rank), Craniata (subphylum), Chordata (phylum), Deuterostomia (no rank), Bilateria (no rank), Eumetazoa (no rank), Metazoa (kingdom), Opisthokonta (no rank), Eukaryota (superkingdom), cellular organisms (no rank)"
"52","IRAK4_Q8CFA1_x1",1,2.48,64.4,0.5595,0.4126,0.3468,139,170,1,2,"IRAK4_Q8CFA1_x1_2",1,"Q8CFA1","IRAK2_MOUSE","Irak2","Irak2",NA,"Mus musculus (Mouse)",10090,"Interleukin-1 receptor-associated kinase-like 2 (IRAK-2) (mu-IRAK-2)","UP000000589: Chromosome 6","Mus (subgenus), Mus (genus), Murinae (subfamily), Muridae (family), Muroidea (no rank), Myomorpha (suborder), Rodentia (order), Glires (no rank), Euarchontoglires (superorder), Boreoeutheria (no rank), Eutheria (no rank), Theria (no rank), Mammalia (class), Amniota (no rank), Tetrapoda (no rank), Dipnotetrapodomorpha (no rank), Sarcopterygii (superclass), Euteleostomi (no rank), Teleostomi (no rank), Gnathostomata (no rank), Vertebrata (no rank), Craniata (subphylum), Chordata (phylum), Deuterostomia (no rank), Bilateria (no rank), Eumetazoa (no rank), Metazoa (kingdom), Opisthokonta (no rank), Eukaryota (superkingdom), cellular organisms (no rank)"
"53","IRAK4_Q8K194_x1",1,1.28,65.67,0.2923,0.5147,0.1216,98,118,1,2,"IRAK4_Q8K194_x1_2",1,"Q8K194","SNR27_MOUSE","Snrnp27","Snrnp27",NA,"Mus musculus (Mouse)",10090,"U4/U6.U5 small nuclear ribonucleoprotein 27 kDa protein (U4/U6.U5 snRNP 27 kDa protein) (U4/U6.U5-27K) (U4/U6.U5 tri-snRNP-associated protein 3)","UP000000589: Chromosome 6","Mus (subgenus), Mus (genus), Murinae (subfamily), Muridae (family), Muroidea (no rank), Myomorpha (suborder), Rodentia (order), Glires (no rank), Euarchontoglires (superorder), Boreoeutheria (no rank), Eutheria (no rank), Theria (no rank), Mammalia (class), Amniota (no rank), Tetrapoda (no rank), Dipnotetrapodomorpha (no rank), Sarcopterygii (superclass), Euteleostomi (no rank), Teleostomi (no rank), Gnathostomata (no rank), Vertebrata (no rank), Craniata (subphylum), Chordata (phylum), Deuterostomia (no rank), Bilateria (no rank), Eumetazoa (no rank), Metazoa (kingdom), Opisthokonta (no rank), Eukaryota (superkingdom), cellular organisms (no rank)"
"54","IRAK4_Q8K1E0_x1",2,1.07,64.68,0.4536,0.4386,0.3068,80,104,1,2,"IRAK4_Q8K1E0_x1_2",1,"Q8K1E0","STX5_MOUSE","Stx5 Stx5a","Stx5","Stx5a","Mus musculus (Mouse)",10090,"Syntaxin-5","UP000000589: Chromosome 19","Mus (subgenus), Mus (genus), Murinae (subfamily), Muridae (family), Muroidea (no rank), Myomorpha (suborder), Rodentia (order), Glires (no rank), Euarchontoglires (superorder), Boreoeutheria (no rank), Eutheria (no rank), Theria (no rank), Mammalia (class), Amniota (no rank), Tetrapoda (no rank), Dipnotetrapodomorpha (no rank), Sarcopterygii (superclass), Euteleostomi (no rank), Teleostomi (no rank), Gnathostomata (no rank), Vertebrata (no rank), Craniata (subphylum), Chordata (phylum), Deuterostomia (no rank), Bilateria (no rank), Eumetazoa (no rank), Metazoa (kingdom), Opisthokonta (no rank), Eukaryota (superkingdom), cellular organisms (no rank)"
"55","IRAK4_Q8K1R7_x1",1,1.95,66.78,0.3127,0.3313,0.0699,100,147,1,2,"IRAK4_Q8K1R7_x1_2",1,"Q8K1R7","NEK9_MOUSE","Nek9 Nercc","Nek9","Nercc","Mus musculus (Mouse)",10090,"Serine/threonine-protein kinase Nek9 (EC 2.7.11.1) (Nercc1 kinase) (Never in mitosis A-related kinase 9) (NimA-related protein kinase 9)","UP000000589: Chromosome 12","Mus (subgenus), Mus (genus), Murinae (subfamily), Muridae (family), Muroidea (no rank), Myomorpha (suborder), Rodentia (order), Glires (no rank), Euarchontoglires (superorder), Boreoeutheria (no rank), Eutheria (no rank), Theria (no rank), Mammalia (class), Amniota (no rank), Tetrapoda (no rank), Dipnotetrapodomorpha (no rank), Sarcopterygii (superclass), Euteleostomi (no rank), Teleostomi (no rank), Gnathostomata (no rank), Vertebrata (no rank), Craniata (subphylum), Chordata (phylum), Deuterostomia (no rank), Bilateria (no rank), Eumetazoa (no rank), Metazoa (kingdom), Opisthokonta (no rank), Eukaryota (superkingdom), cellular organisms (no rank)"
"56","IRAK4_Q8VEH6_x1",1,1.86,67.65,0.2575,0.2396,0.052,81,88,1,2,"IRAK4_Q8VEH6_x1_2",1,"Q8VEH6","ZNG1_MOUSE","Zng1 Cbwd1","Zng1","Cbwd1","Mus musculus (Mouse)",10090,"Zinc-regulated GTPase metalloprotein activator 1 (EC 3.6.5.-) (Cobalamin synthase W domain-containing protein 1) (COBW domain-containing protein 1)","UP000000589: Chromosome 19","Mus (subgenus), Mus (genus), Murinae (subfamily), Muridae (family), Muroidea (no rank), Myomorpha (suborder), Rodentia (order), Glires (no rank), Euarchontoglires (superorder), Boreoeutheria (no rank), Eutheria (no rank), Theria (no rank), Mammalia (class), Amniota (no rank), Tetrapoda (no rank), Dipnotetrapodomorpha (no rank), Sarcopterygii (superclass), Euteleostomi (no rank), Teleostomi (no rank), Gnathostomata (no rank), Vertebrata (no rank), Craniata (subphylum), Chordata (phylum), Deuterostomia (no rank), Bilateria (no rank), Eumetazoa (no rank), Metazoa (kingdom), Opisthokonta (no rank), Eukaryota (superkingdom), cellular organisms (no rank)"
"57","IRAK4_Q91V64_x1",1,2.64,72.98,0.2388,0.3385,0.0474,102,137,1,2,"IRAK4_Q91V64_x1_2",1,"Q91V64","ISOC1_MOUSE","Isoc1","Isoc1",NA,"Mus musculus (Mouse)",10090,"Isochorismatase domain-containing protein 1","UP000000589: Chromosome 18","Mus (subgenus), Mus (genus), Murinae (subfamily), Muridae (family), Muroidea (no rank), Myomorpha (suborder), Rodentia (order), Glires (no rank), Euarchontoglires (superorder), Boreoeutheria (no rank), Eutheria (no rank), Theria (no rank), Mammalia (class), Amniota (no rank), Tetrapoda (no rank), Dipnotetrapodomorpha (no rank), Sarcopterygii (superclass), Euteleostomi (no rank), Teleostomi (no rank), Gnathostomata (no rank), Vertebrata (no rank), Craniata (subphylum), Chordata (phylum), Deuterostomia (no rank), Bilateria (no rank), Eumetazoa (no rank), Metazoa (kingdom), Opisthokonta (no rank), Eukaryota (superkingdom), cellular organisms (no rank)"
"58","IRAK4_Q91VH6_x1",3,3.02,80.69,0.2581,0.4054,0.049,79,101,1,2,"IRAK4_Q91VH6_x1_2",1,"Q91VH6","MEMO1_MOUSE","Memo1","Memo1",NA,"Mus musculus (Mouse)",10090,"Protein MEMO1 (Mediator of ErbB2-driven cell motility 1) (Memo-1)","UP000000589: Chromosome 17","Mus (subgenus), Mus (genus), Murinae (subfamily), Muridae (family), Muroidea (no rank), Myomorpha (suborder), Rodentia (order), Glires (no rank), Euarchontoglires (superorder), Boreoeutheria (no rank), Eutheria (no rank), Theria (no rank), Mammalia (class), Amniota (no rank), Tetrapoda (no rank), Dipnotetrapodomorpha (no rank), Sarcopterygii (superclass), Euteleostomi (no rank), Teleostomi (no rank), Gnathostomata (no rank), Vertebrata (no rank), Craniata (subphylum), Chordata (phylum), Deuterostomia (no rank), Bilateria (no rank), Eumetazoa (no rank), Metazoa (kingdom), Opisthokonta (no rank), Eukaryota (superkingdom), cellular organisms (no rank)"
"59","IRAK4_Q91W36_x1",1,2.69,68.55,0.2424,0.2859,0.0413,82,108,1,2,"IRAK4_Q91W36_x1_2",1,"Q91W36","UBP3_MOUSE","Usp3","Usp3",NA,"Mus musculus (Mouse)",10090,"Ubiquitin carboxyl-terminal hydrolase 3 (EC 3.4.19.12) (Deubiquitinating enzyme 3) (Ubiquitin thioesterase 3) (Ubiquitin-specific-processing protease 3)","UP000000589: Chromosome 9","Mus (subgenus), Mus (genus), Murinae (subfamily), Muridae (family), Muroidea (no rank), Myomorpha (suborder), Rodentia (order), Glires (no rank), Euarchontoglires (superorder), Boreoeutheria (no rank), Eutheria (no rank), Theria (no rank), Mammalia (class), Amniota (no rank), Tetrapoda (no rank), Dipnotetrapodomorpha (no rank), Sarcopterygii (superclass), Euteleostomi (no rank), Teleostomi (no rank), Gnathostomata (no rank), Vertebrata (no rank), Craniata (subphylum), Chordata (phylum), Deuterostomia (no rank), Bilateria (no rank), Eumetazoa (no rank), Metazoa (kingdom), Opisthokonta (no rank), Eukaryota (superkingdom), cellular organisms (no rank)"
"60","IRAK4_Q921I2_x1",3,2.15,71.9,0.3232,0.3431,0.1196,139,178,1,2,"IRAK4_Q921I2_x1_2",1,"Q921I2","KLDC4_MOUSE","Klhdc4","Klhdc4",NA,"Mus musculus (Mouse)",10090,"Kelch domain-containing protein 4","UP000000589: Unplaced","Mus (subgenus), Mus (genus), Murinae (subfamily), Muridae (family), Muroidea (no rank), Myomorpha (suborder), Rodentia (order), Glires (no rank), Euarchontoglires (superorder), Boreoeutheria (no rank), Eutheria (no rank), Theria (no rank), Mammalia (class), Amniota (no rank), Tetrapoda (no rank), Dipnotetrapodomorpha (no rank), Sarcopterygii (superclass), Euteleostomi (no rank), Teleostomi (no rank), Gnathostomata (no rank), Vertebrata (no rank), Craniata (subphylum), Chordata (phylum), Deuterostomia (no rank), Bilateria (no rank), Eumetazoa (no rank), Metazoa (kingdom), Opisthokonta (no rank), Eukaryota (superkingdom), cellular organisms (no rank)"
"61","IRAK4_Q921N8_x1",1,4.18,57.95,0.2728,0.4472,0.1097,59,61,1,2,"IRAK4_Q921N8_x1_2",1,"Q921N8","GPS2_MOUSE","Gps2","Gps2",NA,"Mus musculus (Mouse)",10090,"G protein pathway suppressor 2 (GPS-2)","UP000000589: Chromosome 11","Mus (subgenus), Mus (genus), Murinae (subfamily), Muridae (family), Muroidea (no rank), Myomorpha (suborder), Rodentia (order), Glires (no rank), Euarchontoglires (superorder), Boreoeutheria (no rank), Eutheria (no rank), Theria (no rank), Mammalia (class), Amniota (no rank), Tetrapoda (no rank), Dipnotetrapodomorpha (no rank), Sarcopterygii (superclass), Euteleostomi (no rank), Teleostomi (no rank), Gnathostomata (no rank), Vertebrata (no rank), Craniata (subphylum), Chordata (phylum), Deuterostomia (no rank), Bilateria (no rank), Eumetazoa (no rank), Metazoa (kingdom), Opisthokonta (no rank), Eukaryota (superkingdom), cellular organisms (no rank)"
"62","IRAK4_Q922B1_x1",2,1.14,75.52,0.4787,0.49,0.3276,70,86,1,2,"IRAK4_Q922B1_x1_2",1,"Q922B1","MACD1_MOUSE","Macrod1 Lrp16","Macrod1","Lrp16","Mus musculus (Mouse)",10090,"ADP-ribose glycohydrolase MACROD1 (MACRO domain-containing protein 1) (O-acetyl-ADP-ribose deacetylase MACROD1) (EC 3.1.1.106) (Protein LRP16) ([Protein ADP-ribosylaspartate] hydrolase MACROD1) (EC 3.2.2.-) ([Protein ADP-ribosylglutamate] hydrolase MACROD1) (EC 3.2.2.-)","UP000000589: Chromosome 19","Mus (subgenus), Mus (genus), Murinae (subfamily), Muridae (family), Muroidea (no rank), Myomorpha (suborder), Rodentia (order), Glires (no rank), Euarchontoglires (superorder), Boreoeutheria (no rank), Eutheria (no rank), Theria (no rank), Mammalia (class), Amniota (no rank), Tetrapoda (no rank), Dipnotetrapodomorpha (no rank), Sarcopterygii (superclass), Euteleostomi (no rank), Teleostomi (no rank), Gnathostomata (no rank), Vertebrata (no rank), Craniata (subphylum), Chordata (phylum), Deuterostomia (no rank), Bilateria (no rank), Eumetazoa (no rank), Metazoa (kingdom), Opisthokonta (no rank), Eukaryota (superkingdom), cellular organisms (no rank)"
"63","IRAK4_Q922G2_x1",2,0.95,72.17,0.5098,0.3157,0.2677,52,54,1,2,"IRAK4_Q922G2_x1_2",1,"Q922G2","FA76A_MOUSE","Fam76a","Fam76a",NA,"Mus musculus (Mouse)",10090,"Protein FAM76A","UP000000589: Chromosome 4","Mus (subgenus), Mus (genus), Murinae (subfamily), Muridae (family), Muroidea (no rank), Myomorpha (suborder), Rodentia (order), Glires (no rank), Euarchontoglires (superorder), Boreoeutheria (no rank), Eutheria (no rank), Theria (no rank), Mammalia (class), Amniota (no rank), Tetrapoda (no rank), Dipnotetrapodomorpha (no rank), Sarcopterygii (superclass), Euteleostomi (no rank), Teleostomi (no rank), Gnathostomata (no rank), Vertebrata (no rank), Craniata (subphylum), Chordata (phylum), Deuterostomia (no rank), Bilateria (no rank), Eumetazoa (no rank), Metazoa (kingdom), Opisthokonta (no rank), Eukaryota (superkingdom), cellular organisms (no rank)"
"64","IRAK4_Q99J93_x1",1,0.65,74.33,0.3681,0.411,0.2257,77,134,1,2,"IRAK4_Q99J93_x1_2",1,"Q99J93","IFM2_MOUSE","Ifitm2","Ifitm2",NA,"Mus musculus (Mouse)",10090,"Interferon-induced transmembrane protein 2 (Dispanin subfamily A member 2c) (DSPA2c) (Fragilis protein 3)","UP000000589: Chromosome 7","Mus (subgenus), Mus (genus), Murinae (subfamily), Muridae (family), Muroidea (no rank), Myomorpha (suborder), Rodentia (order), Glires (no rank), Euarchontoglires (superorder), Boreoeutheria (no rank), Eutheria (no rank), Theria (no rank), Mammalia (class), Amniota (no rank), Tetrapoda (no rank), Dipnotetrapodomorpha (no rank), Sarcopterygii (superclass), Euteleostomi (no rank), Teleostomi (no rank), Gnathostomata (no rank), Vertebrata (no rank), Craniata (subphylum), Chordata (phylum), Deuterostomia (no rank), Bilateria (no rank), Eumetazoa (no rank), Metazoa (kingdom), Opisthokonta (no rank), Eukaryota (superkingdom), cellular organisms (no rank)"
"65","IRAK4_Q99J99_x1",2,0.86,81.38,0.2439,0.3774,0.0366,77,121,1,2,"IRAK4_Q99J99_x1_2",1,"Q99J99","THTM_MOUSE","Mpst","Mpst",NA,"Mus musculus (Mouse)",10090,"3-mercaptopyruvate sulfurtransferase (MST) (EC 2.8.1.2)","UP000000589: Chromosome 15","Mus (subgenus), Mus (genus), Murinae (subfamily), Muridae (family), Muroidea (no rank), Myomorpha (suborder), Rodentia (order), Glires (no rank), Euarchontoglires (superorder), Boreoeutheria (no rank), Eutheria (no rank), Theria (no rank), Mammalia (class), Amniota (no rank), Tetrapoda (no rank), Dipnotetrapodomorpha (no rank), Sarcopterygii (superclass), Euteleostomi (no rank), Teleostomi (no rank), Gnathostomata (no rank), Vertebrata (no rank), Craniata (subphylum), Chordata (phylum), Deuterostomia (no rank), Bilateria (no rank), Eumetazoa (no rank), Metazoa (kingdom), Opisthokonta (no rank), Eukaryota (superkingdom), cellular organisms (no rank)"
"66","IRAK4_Q99LC2_x1",4,4.63,76.8,0.306,0.4225,0.0762,73,69,1,2,"IRAK4_Q99LC2_x1_2",1,"Q99LC2","CSTF1_MOUSE","Cstf1","Cstf1",NA,"Mus musculus (Mouse)",10090,"Cleavage stimulation factor subunit 1 (CF-1 50 kDa subunit) (Cleavage stimulation factor 50 kDa subunit) (CSTF 50 kDa subunit) (CstF-50)","UP000000589: Chromosome 2","Mus (subgenus), Mus (genus), Murinae (subfamily), Muridae (family), Muroidea (no rank), Myomorpha (suborder), Rodentia (order), Glires (no rank), Euarchontoglires (superorder), Boreoeutheria (no rank), Eutheria (no rank), Theria (no rank), Mammalia (class), Amniota (no rank), Tetrapoda (no rank), Dipnotetrapodomorpha (no rank), Sarcopterygii (superclass), Euteleostomi (no rank), Teleostomi (no rank), Gnathostomata (no rank), Vertebrata (no rank), Craniata (subphylum), Chordata (phylum), Deuterostomia (no rank), Bilateria (no rank), Eumetazoa (no rank), Metazoa (kingdom), Opisthokonta (no rank), Eukaryota (superkingdom), cellular organisms (no rank)"
"67","IRAK4_Q9CR80_x1",1,0.8,69.21,0.3722,0.4305,0.1249,108,143,1,2,"IRAK4_Q9CR80_x1_2",1,"Q9CR80","FA32A_MOUSE","Fam32a Otag12 MNCb-3154","Fam32a","Otag12","Mus musculus (Mouse)",10090,"Protein FAM32A (Ovarian tumor associated gene 12) (OTAG-12)","UP000000589: Chromosome 8","Mus (subgenus), Mus (genus), Murinae (subfamily), Muridae (family), Muroidea (no rank), Myomorpha (suborder), Rodentia (order), Glires (no rank), Euarchontoglires (superorder), Boreoeutheria (no rank), Eutheria (no rank), Theria (no rank), Mammalia (class), Amniota (no rank), Tetrapoda (no rank), Dipnotetrapodomorpha (no rank), Sarcopterygii (superclass), Euteleostomi (no rank), Teleostomi (no rank), Gnathostomata (no rank), Vertebrata (no rank), Craniata (subphylum), Chordata (phylum), Deuterostomia (no rank), Bilateria (no rank), Eumetazoa (no rank), Metazoa (kingdom), Opisthokonta (no rank), Eukaryota (superkingdom), cellular organisms (no rank)"
"68","IRAK4_Q9CS42_x1",2,0.71,81.46,0.3419,0.3085,0.0774,48,45,1,2,"IRAK4_Q9CS42_x1_2",1,"Q9CS42","PRPS2_MOUSE","Prps2","Prps2",NA,"Mus musculus (Mouse)",10090,"Ribose-phosphate pyrophosphokinase 2 (EC 2.7.6.1) (Phosphoribosyl pyrophosphate synthase II) (PRS-II)","UP000000589: Chromosome X","Mus (subgenus), Mus (genus), Murinae (subfamily), Muridae (family), Muroidea (no rank), Myomorpha (suborder), Rodentia (order), Glires (no rank), Euarchontoglires (superorder), Boreoeutheria (no rank), Eutheria (no rank), Theria (no rank), Mammalia (class), Amniota (no rank), Tetrapoda (no rank), Dipnotetrapodomorpha (no rank), Sarcopterygii (superclass), Euteleostomi (no rank), Teleostomi (no rank), Gnathostomata (no rank), Vertebrata (no rank), Craniata (subphylum), Chordata (phylum), Deuterostomia (no rank), Bilateria (no rank), Eumetazoa (no rank), Metazoa (kingdom), Opisthokonta (no rank), Eukaryota (superkingdom), cellular organisms (no rank)"
"69","IRAK4_Q9CY21_x1",1,1.85,74.06,0.2871,0.3354,0.0765,118,156,1,2,"IRAK4_Q9CY21_x1_2",1,"Q9CY21","BUD23_MOUSE","Bud23 Wbscr22","Bud23","Wbscr22","Mus musculus (Mouse)",10090,"Probable 18S rRNA (guanine-N(7))-methyltransferase (EC 2.1.1.-) (Bud site selection protein 23 homolog) (Williams-Beuren syndrome chromosomal region 22 protein homolog) (rRNA methyltransferase and ribosome maturation factor)","UP000000589: Chromosome 5","Mus (subgenus), Mus (genus), Murinae (subfamily), Muridae (family), Muroidea (no rank), Myomorpha (suborder), Rodentia (order), Glires (no rank), Euarchontoglires (superorder), Boreoeutheria (no rank), Eutheria (no rank), Theria (no rank), Mammalia (class), Amniota (no rank), Tetrapoda (no rank), Dipnotetrapodomorpha (no rank), Sarcopterygii (superclass), Euteleostomi (no rank), Teleostomi (no rank), Gnathostomata (no rank), Vertebrata (no rank), Craniata (subphylum), Chordata (phylum), Deuterostomia (no rank), Bilateria (no rank), Eumetazoa (no rank), Metazoa (kingdom), Opisthokonta (no rank), Eukaryota (superkingdom), cellular organisms (no rank)"
"70","IRAK4_Q9D115_x1",1,0.61,73.1,0.3978,0.382,0.1753,81,98,1,2,"IRAK4_Q9D115_x1_2",1,"Q9D115","ZN706_MOUSE","Znf706 Zfp706","Znf706","Zfp706","Mus musculus (Mouse)",10090,"Zinc finger protein 706","UP000000589: Chromosome 15","Mus (subgenus), Mus (genus), Murinae (subfamily), Muridae (family), Muroidea (no rank), Myomorpha (suborder), Rodentia (order), Glires (no rank), Euarchontoglires (superorder), Boreoeutheria (no rank), Eutheria (no rank), Theria (no rank), Mammalia (class), Amniota (no rank), Tetrapoda (no rank), Dipnotetrapodomorpha (no rank), Sarcopterygii (superclass), Euteleostomi (no rank), Teleostomi (no rank), Gnathostomata (no rank), Vertebrata (no rank), Craniata (subphylum), Chordata (phylum), Deuterostomia (no rank), Bilateria (no rank), Eumetazoa (no rank), Metazoa (kingdom), Opisthokonta (no rank), Eukaryota (superkingdom), cellular organisms (no rank)"
"71","IRAK4_Q9D384_x1",4,3.02,68.98,0.2507,0.3824,0.0617,153,235,1,2,"IRAK4_Q9D384_x1_2",1,"Q9D384","U1SBP_MOUSE","Snrnp35 U1snrnpbp","Snrnp35","U1snrnpbp","Mus musculus (Mouse)",10090,"U11/U12 small nuclear ribonucleoprotein 35 kDa protein (U11/U12 snRNP 35 kDa protein) (U1 snRNP-binding protein homolog)","UP000000589: Chromosome 5","Mus (subgenus), Mus (genus), Murinae (subfamily), Muridae (family), Muroidea (no rank), Myomorpha (suborder), Rodentia (order), Glires (no rank), Euarchontoglires (superorder), Boreoeutheria (no rank), Eutheria (no rank), Theria (no rank), Mammalia (class), Amniota (no rank), Tetrapoda (no rank), Dipnotetrapodomorpha (no rank), Sarcopterygii (superclass), Euteleostomi (no rank), Teleostomi (no rank), Gnathostomata (no rank), Vertebrata (no rank), Craniata (subphylum), Chordata (phylum), Deuterostomia (no rank), Bilateria (no rank), Eumetazoa (no rank), Metazoa (kingdom), Opisthokonta (no rank), Eukaryota (superkingdom), cellular organisms (no rank)"
"72","IRAK4_Q9D5V5_x1",5,4.5,78.59,0.3253,0.3512,0.0814,72,90,1,2,"IRAK4_Q9D5V5_x1_2",1,"Q9D5V5","CUL5_MOUSE","Cul5","Cul5",NA,"Mus musculus (Mouse)",10090,"Cullin-5 (CUL-5)","UP000000589: Unplaced","Mus (subgenus), Mus (genus), Murinae (subfamily), Muridae (family), Muroidea (no rank), Myomorpha (suborder), Rodentia (order), Glires (no rank), Euarchontoglires (superorder), Boreoeutheria (no rank), Eutheria (no rank), Theria (no rank), Mammalia (class), Amniota (no rank), Tetrapoda (no rank), Dipnotetrapodomorpha (no rank), Sarcopterygii (superclass), Euteleostomi (no rank), Teleostomi (no rank), Gnathostomata (no rank), Vertebrata (no rank), Craniata (subphylum), Chordata (phylum), Deuterostomia (no rank), Bilateria (no rank), Eumetazoa (no rank), Metazoa (kingdom), Opisthokonta (no rank), Eukaryota (superkingdom), cellular organisms (no rank)"
"73","IRAK4_Q9D8N6_x1",1,1.55,63.91,0.2459,0.4214,0.05,62,71,1,2,"IRAK4_Q9D8N6_x1_2",1,"Q9D8N6","LIN37_MOUSE","Lin37","Lin37",NA,"Mus musculus (Mouse)",10090,"Protein lin-37 homolog (Antolefinin) (Antolefinine)","UP000000589: Chromosome 7","Mus (subgenus), Mus (genus), Murinae (subfamily), Muridae (family), Muroidea (no rank), Myomorpha (suborder), Rodentia (order), Glires (no rank), Euarchontoglires (superorder), Boreoeutheria (no rank), Eutheria (no rank), Theria (no rank), Mammalia (class), Amniota (no rank), Tetrapoda (no rank), Dipnotetrapodomorpha (no rank), Sarcopterygii (superclass), Euteleostomi (no rank), Teleostomi (no rank), Gnathostomata (no rank), Vertebrata (no rank), Craniata (subphylum), Chordata (phylum), Deuterostomia (no rank), Bilateria (no rank), Eumetazoa (no rank), Metazoa (kingdom), Opisthokonta (no rank), Eukaryota (superkingdom), cellular organisms (no rank)"
"74","IRAK4_Q9DB98_x1",5,2.85,59.77,0.2604,0.3386,0.0867,80,90,1,2,"IRAK4_Q9DB98_x1_2",1,"Q9DB98","LENG1_MOUSE","Leng1","Leng1",NA,"Mus musculus (Mouse)",10090,"Leukocyte receptor cluster member 1 homolog","UP000000589: Chromosome 7","Mus (subgenus), Mus (genus), Murinae (subfamily), Muridae (family), Muroidea (no rank), Myomorpha (suborder), Rodentia (order), Glires (no rank), Euarchontoglires (superorder), Boreoeutheria (no rank), Eutheria (no rank), Theria (no rank), Mammalia (class), Amniota (no rank), Tetrapoda (no rank), Dipnotetrapodomorpha (no rank), Sarcopterygii (superclass), Euteleostomi (no rank), Teleostomi (no rank), Gnathostomata (no rank), Vertebrata (no rank), Craniata (subphylum), Chordata (phylum), Deuterostomia (no rank), Bilateria (no rank), Eumetazoa (no rank), Metazoa (kingdom), Opisthokonta (no rank), Eukaryota (superkingdom), cellular organisms (no rank)"
"75","IRAK4_Q9DCN2_x1",1,1,78.6,0.2958,0.2988,0.0582,62,64,1,2,"IRAK4_Q9DCN2_x1_2",1,"Q9DCN2","NB5R3_MOUSE","Cyb5r3 Dia1","Cyb5r3","Dia1","Mus musculus (Mouse)",10090,"NADH-cytochrome b5 reductase 3 (B5R) (Cytochrome b5 reductase) (EC 1.6.2.2) (Diaphorase-1)","UP000000589: Chromosome 15","Mus (subgenus), Mus (genus), Murinae (subfamily), Muridae (family), Muroidea (no rank), Myomorpha (suborder), Rodentia (order), Glires (no rank), Euarchontoglires (superorder), Boreoeutheria (no rank), Eutheria (no rank), Theria (no rank), Mammalia (class), Amniota (no rank), Tetrapoda (no rank), Dipnotetrapodomorpha (no rank), Sarcopterygii (superclass), Euteleostomi (no rank), Teleostomi (no rank), Gnathostomata (no rank), Vertebrata (no rank), Craniata (subphylum), Chordata (phylum), Deuterostomia (no rank), Bilateria (no rank), Eumetazoa (no rank), Metazoa (kingdom), Opisthokonta (no rank), Eukaryota (superkingdom), cellular organisms (no rank)"
"76","IRAK4_Q9ER64_x1",4,2.24,61.75,0.3148,0.2945,0.1021,92,104,1,2,"IRAK4_Q9ER64_x1_2",1,"Q9ER64","OSBL5_MOUSE","Osbpl5 Obph1 Osbp2","Osbpl5","Obph1 Osbp2","Mus musculus (Mouse)",10090,"Oxysterol-binding protein-related protein 5 (ORP-5) (OSBP-related protein 5) (Oxysterol-binding protein homolog 1)","UP000000589: Chromosome 7","Mus (subgenus), Mus (genus), Murinae (subfamily), Muridae (family), Muroidea (no rank), Myomorpha (suborder), Rodentia (order), Glires (no rank), Euarchontoglires (superorder), Boreoeutheria (no rank), Eutheria (no rank), Theria (no rank), Mammalia (class), Amniota (no rank), Tetrapoda (no rank), Dipnotetrapodomorpha (no rank), Sarcopterygii (superclass), Euteleostomi (no rank), Teleostomi (no rank), Gnathostomata (no rank), Vertebrata (no rank), Craniata (subphylum), Chordata (phylum), Deuterostomia (no rank), Bilateria (no rank), Eumetazoa (no rank), Metazoa (kingdom), Opisthokonta (no rank), Eukaryota (superkingdom), cellular organisms (no rank)"
"77","IRAK4_Q9ESK4_x1",4,3.19,63.71,0.2313,0.2797,0.0545,94,128,1,2,"IRAK4_Q9ESK4_x1_2",1,"Q9ESK4","ING2_MOUSE","Ing2 Ing1l","Ing2","Ing1l","Mus musculus (Mouse)",10090,"Inhibitor of growth protein 2 (Inhibitor of growth 1-like protein) (p33ING2)","UP000000589: Chromosome 8","Mus (subgenus), Mus (genus), Murinae (subfamily), Muridae (family), Muroidea (no rank), Myomorpha (suborder), Rodentia (order), Glires (no rank), Euarchontoglires (superorder), Boreoeutheria (no rank), Eutheria (no rank), Theria (no rank), Mammalia (class), Amniota (no rank), Tetrapoda (no rank), Dipnotetrapodomorpha (no rank), Sarcopterygii (superclass), Euteleostomi (no rank), Teleostomi (no rank), Gnathostomata (no rank), Vertebrata (no rank), Craniata (subphylum), Chordata (phylum), Deuterostomia (no rank), Bilateria (no rank), Eumetazoa (no rank), Metazoa (kingdom), Opisthokonta (no rank), Eukaryota (superkingdom), cellular organisms (no rank)"
"78","IRAK4_Q9JJA7_x1",4,3.84,63.47,0.4173,0.3934,0.239,72,74,1,2,"IRAK4_Q9JJA7_x1_2",1,"Q9JJA7","CCNL2_MOUSE","Ccnl2 Ania6b MNCb-5160","Ccnl2","Ania6b","Mus musculus (Mouse)",10090,"Cyclin-L2 (Cyclin Ania-6b) (Paneth cell-enhanced expression protein) (PCEE)","UP000000589: Chromosome 4","Mus (subgenus), Mus (genus), Murinae (subfamily), Muridae (family), Muroidea (no rank), Myomorpha (suborder), Rodentia (order), Glires (no rank), Euarchontoglires (superorder), Boreoeutheria (no rank), Eutheria (no rank), Theria (no rank), Mammalia (class), Amniota (no rank), Tetrapoda (no rank), Dipnotetrapodomorpha (no rank), Sarcopterygii (superclass), Euteleostomi (no rank), Teleostomi (no rank), Gnathostomata (no rank), Vertebrata (no rank), Craniata (subphylum), Chordata (phylum), Deuterostomia (no rank), Bilateria (no rank), Eumetazoa (no rank), Metazoa (kingdom), Opisthokonta (no rank), Eukaryota (superkingdom), cellular organisms (no rank)"
"79","IRAK4_Q9QUH0_x1",2,1.05,82.84,0.8012,0.3844,0.2828,28,30,1,2,"IRAK4_Q9QUH0_x1_2",1,"Q9QUH0","GLRX1_MOUSE","Glrx Glrx1 Grx Grx1","Glrx","Glrx1 Grx Grx1","Mus musculus (Mouse)",10090,"Glutaredoxin-1 (Thioltransferase-1) (TTase-1)","UP000000589: Chromosome 13","Mus (subgenus), Mus (genus), Murinae (subfamily), Muridae (family), Muroidea (no rank), Myomorpha (suborder), Rodentia (order), Glires (no rank), Euarchontoglires (superorder), Boreoeutheria (no rank), Eutheria (no rank), Theria (no rank), Mammalia (class), Amniota (no rank), Tetrapoda (no rank), Dipnotetrapodomorpha (no rank), Sarcopterygii (superclass), Euteleostomi (no rank), Teleostomi (no rank), Gnathostomata (no rank), Vertebrata (no rank), Craniata (subphylum), Chordata (phylum), Deuterostomia (no rank), Bilateria (no rank), Eumetazoa (no rank), Metazoa (kingdom), Opisthokonta (no rank), Eukaryota (superkingdom), cellular organisms (no rank)"
"80","IRAK4_Q9R1P4_x1",1,1.21,76.24,0.394,0.3656,0.1453,87,102,1,2,"IRAK4_Q9R1P4_x1_2",1,"Q9R1P4","PSA1_MOUSE","Psma1","Psma1",NA,"Mus musculus (Mouse)",10090,"Proteasome subunit alpha type-1 (Macropain subunit C2) (Multicatalytic endopeptidase complex subunit C2) (Proteasome component C2) (Proteasome nu chain)","UP000000589: Chromosome 7","Mus (subgenus), Mus (genus), Murinae (subfamily), Muridae (family), Muroidea (no rank), Myomorpha (suborder), Rodentia (order), Glires (no rank), Euarchontoglires (superorder), Boreoeutheria (no rank), Eutheria (no rank), Theria (no rank), Mammalia (class), Amniota (no rank), Tetrapoda (no rank), Dipnotetrapodomorpha (no rank), Sarcopterygii (superclass), Euteleostomi (no rank), Teleostomi (no rank), Gnathostomata (no rank), Vertebrata (no rank), Craniata (subphylum), Chordata (phylum), Deuterostomia (no rank), Bilateria (no rank), Eumetazoa (no rank), Metazoa (kingdom), Opisthokonta (no rank), Eukaryota (superkingdom), cellular organisms (no rank)"
